ID,ID_Oportunidad,Probabilidad_exito
6140,10689,0.7978240051753913
6146,10689,0.7978240051753913
6151,10689,0.8139403851789448
6118,10690,0.4417201691839059
6124,10690,0.4417201691839059
6129,10690,0.5031202554148182
6135,10690,0.4417201691839059
6218,10690,0.4935606842991786
11530,10691,0.15099681304782567
20314,10692,0.8439960953750879
20317,10692,0.8439960953750879
20320,10692,0.8439960953750879
20324,10692,0.8439960953750879
20327,10692,0.8439960953750879
21110,10692,0.8439960953750879
7374,10693,0.892586615307161
7380,10694,0.892586615307161
6607,10695,0.7766141117320428
6630,10695,0.7766141117320428
6663,10695,0.7766141117320428
6591,10696,0.8161353891270239
6596,10696,0.8161353891270239
6636,10696,0.8161353891270239
6641,10696,0.8161353891270239
6647,10697,0.902262948061552
6652,10697,0.902262948061552
6658,10697,0.902262948061552
6669,10697,0.902262948061552
6674,10697,0.902262948061552
14628,10698,0.8958279089403165
14634,10698,0.8958279089403165
14656,10699,0.896658875244399
14661,10699,0.896658875244399
14639,10699,0.896658875244399
14645,10699,0.896658875244399
14650,10699,0.896658875244399
6614,10700,0.03912505216379808
6619,10700,0.03912505216379808
6625,10700,0.03912505216379808
8539,10701,0.2899704604344983
8528,10701,0.2899704604344983
8534,10701,0.2899704604344983
14623,10702,0.11869726968561861
12146,10703,0.10692059061250173
12151,10703,0.10692059061250173
12140,10703,0.10692059061250173
14690,10704,0.9838933397600382
21285,10705,0.9412423440497177
21289,10705,0.9011790377054965
21479,10706,0.8435359858734109
21485,10706,0.8275393899676069
21475,10707,0.37897835955098663
11824,10708,0.43560968437319275
15879,10709,0.9736731979497406
14712,10710,0.6600018663270848
13727,10711,0.8873537197301786
21472,10712,0.8104427102451853
8469,10713,0.3766749736329329
12313,10714,0.3996233175652492
19997,10715,0.9022197965015663
5017,10716,0.8962695576849117
9513,10717,0.8024501306648932
7224,10718,0.8682433307976449
17168,10719,0.8557436083659612
13980,10720,0.5526600389527354
8580,10721,0.9267383598139087
11313,10722,0.9445259196670922
8495,10723,0.865992912013065
21178,10724,0.7664536246009921
14915,10725,0.9887385424921166
12324,10726,0.7261082781332946
12318,10727,0.2873553725456142
6910,10728,0.9721844990680575
28129,10729,0.7251544634373054
11373,10730,0.8692000226039146
16118,10731,0.9594746564036661
12191,10732,0.10501966398993463
12202,10732,0.10501966398993463
12207,10732,0.10501966398993463
12213,10732,0.10501966398993463
12196,10733,0.12492117659217472
12224,10733,0.12492117659217472
12229,10733,0.12492117659217472
12235,10733,0.12492117659217472
12329,10734,0.4325401636190425
19171,10735,0.9364157481863661
13719,10736,0.9501731812084175
10706,10737,0.9922333836791221
11356,10738,0.9734885316427204
9995,10739,0.984991983077809
15523,10740,0.8926648451716651
17862,10741,0.9610185726508765
10447,10742,0.35795374756800025
10452,10742,0.6969215164561505
5606,10743,0.6827027690881551
5595,10744,0.2786592626880648
5590,10745,0.2786592626880648
5601,10746,0.07017085672804466
5613,10747,0.07017085672804466
10690,10748,0.6206734364491113
10695,10748,0.5374686282312794
14002,10749,0.9880259300795423
14747,10750,0.3549399027664913
14752,10750,0.44805305244176763
14758,10750,0.3875896648378888
14763,10750,0.4584545283387886
5358,10751,0.9290845752983351
5369,10752,0.9290845752983351
5374,10753,0.6470563486189357
16583,10754,0.977682960026258
16586,10754,0.984154274081475
16590,10754,0.9967034009109251
16593,10754,0.9562296339512076
16596,10754,0.9781999760761081
16600,10754,0.9888222686732677
13626,10755,0.9677378210665849
17805,10756,0.9340233028123945
20075,10757,0.9993245638548446
7236,10758,0.9931250293459685
7241,10758,0.6555327447153267
7247,10758,0.9929361145836068
7252,10758,0.9929361145836068
7258,10758,0.9929361145836068
7263,10758,0.9921300844753859
7269,10758,0.9921300844753859
7274,10758,0.992549368040313
11247,10759,0.9631515273117865
10424,10760,0.6978762843504634
7352,10761,0.888014957111041
16307,10762,0.11726602304629596
16313,10763,0.5095094167221724
20229,10764,0.7680443400062253
10024,10765,0.42520286520982287
20203,10766,0.8830705103166112
20206,10766,0.8830705103166112
20210,10766,0.8830705103166112
20213,10766,0.8830705103166112
20266,10767,0.8830705103166112
20269,10767,0.8830705103166112
20272,10767,0.8830705103166112
21466,10768,0.7399100157109129
5801,10769,0.3676077286251472
14858,10770,0.06250023844625568
8224,10771,0.08694279200674106
8213,10772,0.6243635783596776
8218,10772,0.7965462154332692
10674,10773,0.14689038324191206
18062,10774,0.08452045728448489
18056,10775,0.05535526856386641
18059,10776,0.07999165290206393
9379,10777,0.5622804284920936
15396,10778,0.97905704211059
6740,10779,0.9538869197266683
6746,10779,0.9550818759707856
6751,10779,0.9730885400406211
21282,10780,0.9700101953569138
20029,10781,0.5094654093552637
20033,10782,0.3882718759021494
20026,10783,0.2850103200459815
6301,10784,0.7262525403556248
6306,10784,0.7262525403556248
10828,10785,0.9239972738966833
5347,10786,0.29465263781791595
16257,10787,0.5017021987180349
16262,10787,0.5536469470854622
16268,10787,0.5127291132571207
16273,10788,0.0605142067682843
12627,10789,0.7318976827270134
16280,10790,0.584456027106744
16285,10791,0.02628203342772069
16291,10791,0.03410998825895623
8433,10792,0.9987122844885777
28071,10793,0.6623004767191077
28072,10794,0.6623004767191077
20143,10795,0.7531126079370912
8256,10796,0.23042162655288165
8261,10796,0.23042162655288165
8267,10796,0.23042162655288165
8272,10796,0.23042162655288165
8279,10796,0.23042162655288165
8284,10796,0.23042162655288165
8317,10796,0.23042162655288165
8372,10797,0.15261671421887332
8378,10797,0.15261671421887332
8383,10797,0.15261671421887332
8390,10797,0.15261671421887332
8234,10798,0.1622972582290868
8239,10798,0.1622972582290868
8245,10798,0.1622972582290868
9173,10798,0.1622972582290868
6463,10799,0.38992216399408447
6469,10799,0.38992216399408447
6474,10799,0.42247178001534297
6480,10799,0.38992216399408447
6447,10800,0.39505876853630334
6452,10800,0.39505876853630334
6458,10800,0.39505876853630334
6602,10800,0.39505876853630334
20133,10801,0.0734327991095918
20136,10801,0.09992172678932859
20139,10801,0.042129591139492543
6569,10802,0.3016378631746058
6574,10802,0.3016378631746058
6580,10802,0.3016378631746058
6585,10802,0.3016378631746058
19859,10803,0.07279654723345538
19862,10803,0.16710476304584515
20018,10803,0.0474722980858535
20022,10803,0.05268363104832569
20025,10803,0.20183247848029945
20028,10803,0.1903014408963575
7411,10804,0.12208353680711745
7416,10804,0.12799887681198097
7433,10804,0.11879667285465527
7971,10804,0.12799887681198097
7977,10804,0.28153349489628204
7982,10804,0.12799887681198097
7988,10804,0.11933363690561506
7993,10804,0.12418454778403568
8021,10804,0.12799887681198097
8026,10804,0.12799887681198097
8032,10804,0.1089853091952278
10691,10805,0.011438968169211212
10696,10805,0.26697031236411695
18278,10806,0.9712436227599558
18486,10806,0.9906125109796414
18490,10806,0.9485123930087304
9696,10807,0.685692655826285
10040,10808,0.882570223978807
10207,10808,0.882570223978807
10213,10808,0.882570223978807
10218,10808,0.882570223978807
10224,10808,0.988435213860907
10707,10809,0.5692891350681111
10713,10809,0.5750765863488128
19960,10810,0.24622591966154364
24053,10811,0.9721209809215414
6490,10812,0.783644846279638
6495,10812,0.9894519033511296
9658,10813,0.5166657845672549
9652,10814,0.7799465165635794
7891,10815,0.8207314793731011
8702,10816,0.9826235565301503
10763,10817,0.09255258883147925
11919,10818,0.9800020437561461
13863,10819,0.9643136219582982
17918,10820,0.40039321691389385
17922,10820,0.6078007841615467
10619,10821,0.9292147868167078
14196,10822,0.3341352334529375
14202,10822,0.06799440260211527
14207,10822,0.09457957846469146
22982,10823,0.8874213145608733
10722,10824,0.37055619448410837
15740,10825,0.16489876611170717
15924,10826,0.8034152851536096
15929,10826,0.6478706704267024
11126,10827,0.9836063063492816
28169,10828,0.9908266649149253
15451,10829,0.5290075001442084
15473,10829,0.5416857110723259
15479,10829,0.6570766888649816
12663,10830,0.8023029159122259
6477,10831,0.9260486573052356
23893,10832,0.4980270077853247
23894,10833,0.10328326523898548
23895,10834,0.5765458516732125
10774,10835,0.5982288744805774
10780,10835,0.5463942744327959
10785,10835,0.6956321392763904
6484,10836,0.940061794567516
14385,10837,0.6962481770260587
12652,10838,0.9857974673832303
27662,10839,0.9512981848149029
10917,10840,0.9504904656665644
6269,10841,0.42663378359741805
6330,10841,0.5154210973648521
7963,10842,0.6841682736135684
7969,10843,0.7060239513270401
10704,10844,0.6161553851313881
15997,10845,0.9867769845164368
16230,10845,0.9973519886473602
16236,10845,0.9973519886473602
16389,10846,0.8986152852451158
16393,10847,0.8381011102982582
11803,10848,0.9489960711967069
16379,10849,0.5696162238435064
16355,10850,0.5840479428758923
16402,10850,0.5840479428758923
12156,10851,0.5026053726639459
14413,10852,0.817312035145223
9192,10853,0.704653367176255
9197,10853,0.6997091971502739
9170,10854,0.44806013132684214
9175,10854,0.44806013132684214
9146,10855,0.3379332063315279
9162,10855,0.3208225221699048
9140,10856,0.577540257231696
9181,10857,0.35793596777659065
9186,10857,0.4087185498806423
9107,10858,0.6388016275932021
9113,10858,0.6207400261410967
9129,10858,0.7044714821594829
9135,10858,0.6880902885180828
6119,10859,0.7037363145424308
4985,10860,0.5537402652064872
13507,10861,0.2952740979291336
13513,10861,0.2761607873865113
10802,10862,0.6207922037799006
12647,10863,0.9545765885499764
17047,10864,0.9135826800466359
17050,10864,0.8908584380298127
19320,10865,0.9897394964179551
19324,10865,0.9852775387592094
10813,10866,0.03882576182031534
10818,10867,0.10222321041564973
5716,10868,0.42373788004040935
5723,10868,0.28682020486445836
12569,10869,0.35427000023770094
5934,10870,0.2864096990584569
14948,10871,0.8805101865172519
14953,10871,0.8805101865172519
14959,10871,0.9051596489327842
27607,10872,0.4013572073051397
10852,10873,0.812692258628033
20149,10874,0.9143648289251826
20152,10874,0.9143648289251826
20156,10874,0.9143648289251826
7137,10875,0.8077113360275667
7142,10875,0.8687776211905216
15749,10876,0.869767111905403
15755,10876,0.9840997709512566
18911,10877,0.6757377931754226
8391,10878,0.4852523976485721
10408,10879,0.18296575489618488
12161,10880,0.4547069817371308
7525,10881,0.9159161238711176
28028,10882,0.9647068069268764
14818,10883,0.26477414366209645
14813,10884,0.6676896602097294
4936,10885,0.481296643345691
4925,10886,0.5005578345172463
4930,10886,0.589556222193235
19055,10887,0.029575751179087312
22162,10888,0.9671562026791656
4914,10889,0.7957810478496653
4919,10889,0.9237018309844508
21819,10890,0.9465519368606258
21880,10891,0.7524330200456486
4941,10892,0.28033124710977386
4948,10892,0.7837291005154083
22167,10893,0.8974990835064288
21823,10894,0.6630052966543656
21863,10895,0.9738383304811125
21853,10896,0.9088829599424633
21857,10896,0.9143648289251826
21860,10896,0.9143648289251826
21796,10897,0.9410897944256522
19951,10898,0.0753572328479162
8440,10899,0.38493385402162295
13769,10900,0.9749178603344493
13774,10900,0.9907588914771732
17988,10901,0.986445645878138
8075,10902,0.6581535006835618
9314,10903,0.8856466457813438
8566,10904,0.993186781914992
18294,10905,0.7943595367055347
14350,10906,0.969467961003609
13840,10907,0.4069312039420532
13835,10908,0.3410091826436039
11914,10909,0.801675905990121
10007,10910,0.5452981526851072
21966,10911,0.8352813582840468
10913,10912,0.6819577896671843
13214,10913,0.8063358213179563
13219,10913,0.8375397925270684
13225,10913,0.834778960950093
13230,10913,0.6324333219210628
23852,10914,0.4970686462103334
23853,10914,0.4970686462103334
23857,10914,0.4970686462103334
23858,10914,0.45555675206410434
23861,10914,0.4970686462103334
23862,10914,0.4970686462103334
23863,10914,0.4970686462103334
23864,10914,0.4970686462103334
6601,10915,0.7779931262272883
10918,10916,0.7924021537244204
16793,10917,0.43910446775413664
16796,10917,0.409127428986637
13170,10918,0.45533482697570454
8588,10919,0.07169770909009904
18450,10920,0.8766022925564784
20994,10921,0.8072401013525006
19296,10922,0.16886064358084862
16296,10923,0.6264036074788949
16302,10923,0.5882350764610301
10291,10924,0.9656794487404607
10296,10924,0.9923005637263924
15624,10925,0.9695443997293369
15629,10925,0.9200344157286354
10940,10926,0.8316057478657057
6284,10927,0.5465524473738054
6295,10928,0.9521248519877462
11248,10929,0.9234273402909521
6937,10930,0.7345307508356304
6945,10930,0.7905033789164894
6972,10930,0.2942027253177566
6978,10930,0.5086436065303994
5588,10931,0.9942106138373275
6589,10932,0.9784526611522754
5169,10933,0.9594723437641645
11317,10934,0.4302253233414777
11429,10934,0.4666566574523443
11361,10935,0.35534132844857097
16848,10936,0.8750018225907186
16851,10936,0.8842778459025751
11459,10937,0.87562427811598
14437,10938,0.03134544681934582
15614,10939,0.713493075554124
16341,10939,0.7644762378471748
17153,10940,0.8565245792523618
17157,10940,0.6201238626713911
17350,10940,0.638485394964947
16338,10941,0.7841635815935336
16344,10942,0.8991109470946366
16349,10943,0.7786846449471031
12707,10944,0.7051995556008736
12713,10945,0.3351324698370187
20921,10946,0.8144421733870305
6319,10947,0.43361736664662726
6325,10947,0.5974441864236254
6206,10948,0.2603625219653262
20295,10949,0.4873974473297249
12466,10950,0.7584952806286438
7297,10951,0.6459291752232837
9933,10952,0.9629049843297904
17979,10953,0.06746497780139861
9927,10954,0.9629049843297904
10952,10955,0.06168803779212813
10958,10956,0.011143864669883556
8168,10957,0.08387002385378607
8173,10958,0.09042424055351102
11208,10959,0.5707551607127762
21439,10960,0.5938354003751666
27826,10961,0.9298530118448765
10862,10962,0.984969066369056
24017,10963,0.6367155786347877
15440,10964,0.6566616603992627
15446,10964,0.34379051927392035
10938,10965,0.28526651093936706
17450,10966,0.8560137098546534
19826,10967,0.8436981434407758
19829,10967,0.8436981434407758
10685,10968,0.624392020310326
18890,10969,0.9001257015463204
10991,10970,0.3540602859940825
10974,10971,0.2857035085806193
10980,10971,0.2857035085806193
10985,10971,0.1477478839985776
11002,10972,0.12972380433750325
11007,10972,0.06998697868290203
11013,10972,0.12103949983333093
11018,10972,0.26005070006299463
11024,10972,0.18117795841090115
11029,10972,0.0875842598965215
19949,10973,0.16710806263683212
19952,10973,0.2574594737375807
19908,10973,0.3083871335036109
19912,10973,0.312399245490513
19915,10973,0.31826720026761274
19918,10973,0.34644301413781187
19922,10973,0.2933559894533824
19925,10973,0.34644301413781187
19928,10973,0.09273874459820998
19932,10973,0.1287989070366791
19935,10973,0.07397739183441575
19938,10973,0.10730807339146448
19941,10973,0.15954448782708547
19946,10973,0.21710362577582046
19962,10973,0.16710806263683212
19966,10973,0.2574594737375807
19969,10973,0.2051623607377873
19972,10973,0.2660184147576288
19975,10973,0.20143725351856762
19979,10973,0.2694460691493345
19982,10973,0.20143725351856762
19985,10973,0.2694460691493345
19989,10973,0.2630471613475541
19992,10973,0.3429242450681268
5138,10974,0.3797814078018631
6047,10975,0.871391770973002
6052,10975,0.924943471081314
6075,10975,0.8662400024706906
10528,10976,0.9848458065503969
5295,10977,0.9309009272591453
21658,10978,0.6598356037085207
13078,10979,0.9389073206358522
11035,10980,0.6802155866506563
11040,10981,0.684378380885556
11046,10981,0.889389084716638
10246,10982,0.8547186821260032
10251,10983,0.7011339302387143
23256,10984,0.12715723064557133
23259,10984,0.6281411751928256
23262,10984,0.954861091597446
20466,10985,0.10270703342332506
23146,10986,0.825382165447376
23136,10987,0.8349755508716203
23139,10987,0.8349755508716203
12972,10988,0.5031741907462275
12978,10988,0.47594227602669137
18951,10989,0.6993970449064048
11316,10990,0.36400299665654084
11091,10991,0.03827157879215406
16894,10992,0.02854298026285756
18842,10993,0.9777416133542268
18846,10993,0.9666238602927701
8641,10994,0.6655610347564046
8674,10995,0.8000523808099869
5897,10996,0.32675577647266485
23892,10997,0.0933671178335684
15425,10998,0.8008689640606295
15430,10998,0.8389424375839853
12865,10999,0.7355055313546522
12871,10999,0.7988851354574993
12876,10999,0.7988851354574993
13093,10999,0.7203422853054023
7752,11000,0.9446970205712868
10202,11001,0.5513301561988906
11457,11002,0.8019929507683647
28058,11003,0.9005929659219435
17344,11004,0.7519140511463723
19722,11005,0.7613960088533092
19518,11006,0.36343640671984445
19522,11006,0.36343640671984445
19525,11006,0.36343640671984445
19528,11006,0.21759526016317907
19531,11006,0.21759526016317907
19535,11006,0.21759526016317907
19538,11006,0.21759526016317907
19541,11006,0.21759526016317907
10379,11007,0.9556971157024475
10384,11007,0.951053370055455
19223,11008,0.034815852876358036
8407,11009,0.7829027097587965
21390,11010,0.9717930680673817
11096,11011,0.9356756774143501
13561,11012,0.9451608334032702
13567,11012,0.9571953680552827
13438,11013,0.9813323157758891
13444,11013,0.9813323157758891
16731,11014,0.8149138131473498
16735,11014,0.6151852983466845
16949,11014,0.6313063203545658
6201,11015,0.30956537145635044
12052,11016,0.8932490255610346
12059,11017,0.9463576689165104
19259,11018,0.5475295383332718
8550,11019,0.9956816898515156
9122,11019,0.9107057985602601
28057,11020,0.038252201068748604
9663,11021,0.7009364756870596
6507,11022,0.7857132514606768
6513,11022,0.9398618574204534
6557,11022,0.9442791822372639
11107,11023,0.9662276538128214
19512,11024,0.04999138688188047
19515,11024,0.04999138688188047
24100,11025,0.8090455747903836
24098,11026,0.8015790216955978
24097,11027,0.30161145992542016
9718,11028,0.011624718422840784
8207,11029,0.6150730952851116
21436,11030,0.2946753953512205
21416,11031,0.9954033623287581
15963,11032,0.4989194640652339
21442,11033,0.9819210238391446
18604,11034,0.20975771463956516
18607,11034,0.1873148019808404
18638,11034,0.11414449081937537
17771,11035,0.5611589954593983
11113,11036,0.9512112501223648
8713,11037,0.7582851528259378
8707,11038,0.3945841600967301
27911,11039,0.9199557330682713
27912,11039,0.9584238259284427
11118,11040,0.6166864447492266
22696,11041,0.9708900215026502
16718,11042,0.5874470347351819
15051,11043,0.7983304134892912
15058,11043,0.8970015534937996
7912,11044,0.4306309661276083
19995,11045,0.11819381012347643
19999,11045,0.11819381012347643
20002,11045,0.12671754761687049
20005,11045,0.12671754761687049
15483,11046,0.6849690103670025
7540,11047,0.356051856601031
11146,11048,0.8706602246674322
11151,11049,0.5532814194483725
15996,11050,0.7298518848736985
8303,11051,0.8381845589400219
17701,11052,0.8670439800689499
10868,11053,0.8023444485572901
10829,11054,0.7715301506356771
10836,11054,0.8129850007108285
10841,11054,0.8129850007108285
10847,11054,0.8129850007108285
13530,11055,0.560780718596091
9647,11056,0.42322058286638364
7884,11057,0.5889859801383811
7890,11057,0.5889859801383811
7895,11057,0.5889859801383811
20127,11058,0.6402270608742364
20130,11058,0.8375625389930064
11157,11059,0.22580478587627706
11162,11060,0.5465364456942909
11169,11060,0.5466376854498884
20758,11061,0.539065785781711
16730,11062,0.9037953570433224
22627,11063,0.8487205900552327
22630,11064,0.7894662084648141
14296,11065,0.8074790519544762
5301,11066,0.8671056053591117
5323,11067,0.7198120153646304
5317,11068,0.8768459807645278
22614,11069,0.3148105041756372
22617,11069,0.2485644401853703
22620,11069,0.35474846976404123
22624,11069,0.11449692168759663
5396,11070,0.6840427660424528
5402,11070,0.6755995814665561
19600,11071,0.8910240880148409
19603,11071,0.8815148977504174
11174,11072,0.9504026637966133
13075,11073,0.825489232401233
13125,11073,0.8594076390592508
8106,11074,0.22026545078897083
8134,11074,0.2430594738258226
8139,11074,0.14816032877779217
13136,11075,0.5688705782527543
28202,11076,0.6020906976325177
15063,11077,0.8937177448344921
15069,11077,0.8899039616445557
14329,11078,0.3050705675516589
15284,11079,0.9818069667645435
6341,11080,0.5519346974081131
6347,11080,0.8040355411143703
13841,11081,0.8259905771553366
9947,11082,0.6451258936237037
9952,11082,0.624014122713677
9958,11082,0.781903273527531
9963,11082,0.8766806323435258
7829,11083,0.525678986098963
10935,11084,0.4038812260086646
12062,11085,0.7223055441986976
12073,11085,0.8075936524572894
5524,11086,0.6331411107061891
5529,11086,0.626842280461424
5695,11086,0.5477999735172132
5701,11086,0.5840186477586001
10357,11087,0.9715284999989362
10362,11087,0.9780401232352018
16106,11088,0.054510267189187146
16112,11088,0.18741072656243365
16117,11088,0.3846112295058056
13984,11089,0.26225200923321207
13990,11089,0.2754111558741398
13995,11089,0.31804160353282634
14001,11089,0.3287306188178017
14006,11089,0.2762394506678604
14012,11089,0.24452910407637707
14017,11089,0.1686309477694594
14023,11089,0.22262467999505284
14028,11089,0.21759303431295832
14034,11089,0.11047877579302011
14039,11089,0.0857240953241778
14045,11089,0.15241174351710535
14050,11089,0.11700453068982684
14057,11089,0.08091946408885407
14062,11089,0.07785206341322862
14068,11089,0.16575324760068147
14073,11089,0.13847509866686095
14079,11089,0.13223914743245901
19934,11090,0.801757102273247
27913,11091,0.802220664392736
27921,11091,0.5618539045492756
27914,11092,0.5046838011029507
27915,11092,0.29700222988638836
27923,11092,0.3124461613274956
27949,11093,0.536974509067057
27916,11093,0.4339917495144786
27917,11093,0.562354779885994
27922,11093,0.4191348926110438
10996,11094,0.11419055073907909
22680,11095,0.9416902326969118
22677,11096,0.8835107902576858
11207,11097,0.12267850062060029
11213,11097,0.030395590327309412
11218,11097,0.09256096446988689
9791,11098,0.13126694489808002
14235,11099,0.973534498518645
5547,11100,0.6138136536319172
9538,11101,0.30024335158642185
18808,11102,0.13462528609900043
11224,11103,0.8675605270747271
8013,11104,0.644250032533792
9397,11105,0.9673856010141231
20060,11106,0.8443707666825642
11240,11107,0.868295834566364
11246,11107,0.9760577138396784
11251,11107,0.9828807845303874
19457,11108,0.9489522724654216
19460,11108,0.9667269296349008
5149,11109,0.9215113430887855
16002,11110,0.6399631658007858
16007,11110,0.5925507250157213
9996,11222,0.9555535142395679
21310,11223,0.9250103420219151
21313,11223,0.9250103420219151
21316,11223,0.9250103420219151
21319,11223,0.9191189437084014
21427,11224,0.9191179788426634
21430,11224,0.9250103420219151
21434,11224,0.9250103420219151
21437,11224,0.9250103420219151
19149,11225,0.8128351615542735
15870,11226,0.4715243982631876
8185,11227,0.06268079206843863
13546,11228,0.71579078868076
11021,11229,0.7921401755437983
16855,11230,0.8171537925242364
16858,11230,0.883918846101052
6550,11231,0.03476559262627763
6556,11232,0.06891214663529159
7155,11233,0.955323646081895
7183,11233,0.972151381153684
9738,11234,0.8128469723870114
7149,11235,0.21950435069398835
7438,11236,0.41224282422408176
7444,11236,0.3553037948023063
7449,11236,0.3050069602110954
7455,11236,0.3050069602110954
7460,11236,0.3050069602110954
7466,11236,0.2969865127157021
7471,11236,0.2969865127157021
7477,11236,0.3050069602110954
7488,11236,0.3005388269972036
20748,11237,0.07652486202203083
20751,11237,0.10630443711624184
13175,11238,0.9719148542281496
10013,11239,0.6206300340831276
5172,11240,0.9904762997457712
5178,11240,0.9764174236424836
20308,11241,0.5594775202019326
17200,11242,0.9197334097834874
10029,11243,0.7958053153378233
10035,11244,0.48820235305149345
6339,11245,0.9920567969616202
6417,11245,0.9877046302803804
16945,11246,0.8251523625975378
10150,11247,0.865417117152
10140,11248,0.605995779643051
10146,11248,0.824210808139796
10151,11248,0.824210808139796
10157,11248,0.5977902440478776
10162,11248,0.7504127855999311
10169,11248,0.8437547796012396
10174,11248,0.5995144444853562
10180,11248,0.7504127855999311
10185,11248,0.8437547796012396
10191,11248,0.7206234941418914
10308,11248,0.9846091739514315
16951,11249,0.9922893095123776
16954,11249,0.9970559417508209
28038,11250,0.019169153866633676
10373,11251,0.9293131706122549
10314,11252,0.5407659291584688
12284,11253,0.4115858066497578
12290,11253,0.42949133653673044
10319,11254,0.8637113302398388
10325,11255,0.97822419442121
6950,11256,0.928456519374649
9836,11257,0.024808276458730127
9362,11258,0.5030200119882191
14941,11259,0.8260609048088005
15003,11260,0.8260609048088005
15008,11260,0.8260609048088005
15014,11260,0.8601587718340903
12993,11261,0.4194528420140516
15682,11262,0.9586140557750453
15688,11262,0.9881033624652962
21972,11263,0.9694482120800637
23607,11264,0.0236434021419781
23613,11265,0.07128546042945189
14360,11266,0.013186139907838654
8296,11267,0.3751311488353954
10341,11268,0.1300970306718252
15746,11269,0.03850928606603915
10336,11270,0.6794670523589462
18655,11271,0.255526667403177
21422,11272,0.7192350017777559
5912,11273,0.8988978405502095
5917,11273,0.8786681544281504
6128,11273,0.8963703971619673
19133,11274,0.9795247354136856
19136,11274,0.9736402571971807
8475,11275,0.9906744928184839
8481,11275,0.987954989867005
8486,11275,0.9879818191733434
20337,11276,0.811871667749759
20297,11277,0.7274006440659471
20301,11277,0.7274006440659471
20304,11277,0.7274006440659471
20307,11277,0.7274006440659471
7836,11278,0.370273224387738
5203,11279,0.004587929950396532
10074,11280,0.18299103444235215
10046,11280,0.08583463848734477
10051,11280,0.08583463848734477
10063,11280,0.5012379190241041
10069,11280,0.5012379190241041
10080,11280,0.1775851153847984
10085,11280,0.08832974499449803
10091,11280,0.5165052405907543
10096,11280,0.1775851153847984
10102,11280,0.5165052405907543
10058,11281,0.9457078387039567
10518,11282,0.9883724407031114
21347,11283,0.9980532377983772
13411,11284,0.9747079631017807
8991,11285,0.9977484705138445
10347,11286,0.5902570604846439
7260,11287,0.9378320980931345
16383,11288,0.44439266340177397
10352,11289,0.6473774733181173
6979,11290,0.5114748688737418
10385,11291,0.6670696238438008
8380,11292,0.8272412435761596
23043,11293,0.5326061089660787
10369,11294,0.9833861917672265
10374,11294,0.9403642352415212
10380,11294,0.9829130388809069
11835,11295,0.02716746051886522
14390,11296,0.14924465224195038
14395,11296,0.22936049221765045
14401,11296,0.35973684287144986
14406,11296,0.18460110884303477
14412,11296,0.31111724330600754
14417,11296,0.4490726764293689
14423,11296,0.4169266365944056
14428,11296,0.37011360069206684
14570,11297,0.03157607640217342
12829,11298,0.25528976798419506
21762,11299,0.657732962891596
15046,11300,0.5481453798628364
10392,11301,0.8900692806576549
19661,11302,0.6239150353457659
5870,11303,0.32879794114739225
7205,11304,0.04265333794663767
7266,11304,0.04486582346779436
13972,11305,0.007623499344211003
18456,11306,0.7240537591249683
5981,11307,0.357293942344593
12064,11308,0.9772631858522702
20815,11309,0.9324591344193564
20818,11309,0.9598371951345982
10397,11310,0.49818520090509133
20795,11311,0.34866302292967566
20812,11312,0.775163722812585
10419,11313,0.7377753289750266
16530,11314,0.4971494464736694
17777,11315,0.6438763728240333
6051,11316,0.9829595920622574
8098,11317,0.0389129057638754
9496,11318,0.993735166948319
12047,11319,0.9926495995889772
6290,11320,0.9552627615168277
6428,11320,0.9321299509311606
6116,11321,0.9967054413084282
8418,11322,0.7638464673851973
8424,11323,0.5162022094853546
23033,11324,0.811871667749759
23669,11325,0.7249026376981653
8802,11326,0.619908137723305
21084,11327,0.008038253702305466
9546,11328,0.9190890980835382
11770,11329,0.7837954542310268
10436,11330,0.9036963067391584
15784,11331,0.22768299223434646
20055,11332,0.32563663472284016
20058,11332,0.3362863066873636
19790,11333,0.9961401618860266
19793,11333,0.9868415452401791
16883,11334,0.9376803250919035
16886,11334,0.8125771376849309
15930,11335,0.783409388008547
15936,11335,0.7716570115542845
21418,11336,0.4129722285839631
13675,11337,0.7416491976300758
16397,11338,0.484766035518907
18673,11339,0.5157076459764852
10441,11340,0.5007100915036113
7736,11341,0.7653574534282576
13151,11342,0.994928650591281
13157,11342,0.9978474851067234
13162,11342,0.9972540843390847
13169,11342,0.9972408179489947
8273,11343,0.5948132879821414
11324,11344,0.6704049287060585
5690,11345,0.6258517919264082
5706,11345,0.6636027278879004
7007,11346,0.039028014505375096
10519,11347,0.04921218112660808
10525,11347,0.07748303445705888
16062,11348,0.8567313891166289
6423,11349,0.9868460720051456
10530,11350,0.6010430745431253
16473,11351,0.03822177107683607
8675,11352,0.9832568668738286
8681,11352,0.9871769943070806
10305,11353,0.997822011136418
10311,11353,0.9976668503881811
15573,11354,0.41881144682777693
15579,11354,0.441757632342263
16085,11355,0.7829445376171067
8018,11356,0.9756025230650553
17840,11357,0.9506906043193204
17844,11357,0.8746495898017181
18440,11357,0.9627635251028579
8319,11358,0.6439358978318918
10541,11359,0.08333129939728193
10596,11360,0.19020139740983547
28194,11361,0.8773837906621114
28195,11362,0.616482000618706
14007,11363,0.806694246967171
15922,11364,0.02418196648147965
15671,11365,0.9929801594826613
18492,11366,0.9989649664464824
10255,11367,0.9895476064936914
10260,11367,0.5215838327963924
10266,11367,0.9876121323422691
20405,11368,0.9941939700167691
20474,11368,0.9937214191597227
10278,11369,0.19548363028381277
21392,11370,0.7518775413594638
21395,11370,0.8467341690618208
21377,11371,0.39480784627483656
21380,11371,0.580597177775665
11297,11372,0.870053660579049
11303,11372,0.870053660579049
11319,11373,0.6193534813264706
12471,11374,0.27523322893212243
10835,11375,0.9031354689935748
10636,11376,0.19189206205272372
10625,11377,0.5683646263061931
10658,11378,0.14424651823862
5767,11379,0.13321151170046494
15155,11380,0.8707628113726931
23573,11381,0.5168747901280204
23574,11381,0.5082311409008932
23581,11381,0.8423535200219346
27946,11382,0.6789604502876606
27947,11382,0.43301589535864654
18862,11383,0.9346199224479219
18866,11383,0.9720801876403604
18859,11384,0.572261345377813
16656,11385,0.06437222792220167
16659,11385,0.06437222792220167
13624,11386,0.07774076657992207
13629,11386,0.07774076657992207
13635,11386,0.07181918787780009
12144,11387,0.1978855159577158
12818,11388,0.7242665534496446
23643,11389,0.9036661388067906
5848,11390,0.5123451650236494
5853,11391,0.5123451650236494
5859,11392,0.5123451650236494
11257,11393,0.1438295223500281
11368,11394,0.5563150857942929
11392,11394,0.5856835644657655
8358,11395,0.6662567279316917
19860,11396,0.8956203578940793
10891,11397,0.48087940742273505
23548,11398,0.4350638490357473
23549,11398,0.6708479625767312
13335,11399,0.8539502463597997
6584,11400,0.8537724396480966
7640,11401,0.5065449469410432
7646,11401,0.6506381035113722
10907,11402,0.2247539987297471
21821,11403,0.04668979378355359
16919,11404,0.9853099837767555
16923,11404,0.9840906146523465
16926,11405,0.9794621443680278
16929,11405,0.9777683180111434
15328,11406,0.9881307476415943
8295,11407,0.9071559266476464
8306,11407,0.9071559266476464
8323,11407,0.9071559266476464
8328,11407,0.9071559266476464
8334,11407,0.9071559266476464
8361,11407,0.9071559266476464
8367,11407,0.9071559266476464
9478,11407,0.9071559266476464
9483,11407,0.9071559266476464
7003,11408,0.7141030520256583
7008,11408,0.7141030520256583
7014,11408,0.7141030520256583
7019,11408,0.7141030520256583
6981,11408,0.7141030520256583
6986,11408,0.7141030520256583
6992,11408,0.7141030520256583
6997,11408,0.7141030520256583
12063,11409,0.13077052117881482
12069,11409,0.13077052117881482
11262,11410,0.4762438924909035
11268,11410,0.06589592465857202
11273,11410,0.1422659792695689
11280,11410,0.08121339885358506
11285,11411,0.2815958951054812
17353,11412,0.8060830118501755
17347,11413,0.882351404317829
17357,11413,0.8902806085036199
11121,11414,0.9666082570995185
6502,11415,0.14142428761183368
7745,11416,0.6462907841414841
14362,11417,0.560513304311073
11203,11418,0.7112886689889084
10177,11419,0.9312548037904508
10182,11419,0.902111730042098
10188,11419,0.8966266705398215
11291,11420,0.38919020341554994
10885,11421,0.9959625098371755
20069,11422,0.6472673415942188
10924,11423,0.6127396702095945
13951,11424,0.9620088969025324
13934,11425,0.7060286041531013
13939,11425,0.7060286041531013
13946,11425,0.9596062112282091
13962,11426,0.9889271805207034
13957,11426,0.7899790688525952
13968,11426,0.9916955543975023
10657,11427,0.9865524200316039
20066,11428,0.731113913400942
20105,11429,0.8140550117674441
20092,11430,0.3779855086915574
20108,11431,0.5470599412839561
20102,11432,0.5470599412839561
20095,11433,0.6629821870818644
20099,11434,0.6629821870818644
16407,11435,0.8924448471784762
12685,11436,0.599563441701876
12192,11437,0.4021734695741472
12197,11437,0.7029968697963843
12203,11437,0.379902543837405
9377,11438,0.8398339143727098
18852,11439,0.9912522090630393
18856,11439,0.9863844989914002
6682,11440,0.9472860756330199
19116,11441,0.4783074200361829
11296,11442,0.35868655256833926
11480,11443,0.5405989133804617
6014,11444,0.06048576233218555
14803,11445,0.5149815823352185
17457,11446,0.7954850672529202
10663,11447,0.3258335248829978
10607,11448,0.47216853457251257
7103,11449,0.25267712664036907
7303,11450,0.5066784808053111
6236,11451,0.42770829907812535
10880,11452,0.2346197319741106
13586,11453,0.4334696111821214
11051,11454,0.47751068104846317
11058,11454,0.5407961339316881
11063,11454,0.6755129399577665
15729,11455,0.4239503426084833
27872,11456,0.9311840424599834
15162,11457,0.7683136670305492
15169,11457,0.7683136670305492
17516,11458,0.140682945962013
17519,11458,0.12738167525115227
17523,11458,0.3009182550598396
17526,11458,0.17245448810401243
17529,11458,0.0800137536324031
11485,11459,0.08418417158912113
18231,11460,0.04984590450616223
7923,11461,0.2625129773233224
7928,11461,0.37747893506612884
27951,11462,0.594529142138572
27952,11462,0.51446742647287
9924,11463,0.026296306388097927
17162,11464,0.7393971053482743
17167,11464,0.5883134184492668
16375,11465,0.6786192140372344
16380,11465,0.6295963250286113
4959,11466,0.4448306446630699
4964,11466,0.6388880876776731
17952,11467,0.7947234897011369
17956,11467,0.5656451164553659
7691,11468,0.0701154256935338
7696,11468,0.07216889253842056
12929,11469,0.37254906517022424
12935,11469,0.021955214052416155
28175,11470,0.8151091779606054
28176,11471,0.906089119227289
11491,11472,0.7039434265125749
11496,11472,0.6684341150533157
7486,11473,0.7315566367363576
7492,11473,0.8534045836011641
8269,11474,0.6721028973402844
14424,11475,0.3481982738705821
28362,11476,0.5849908101351047
18424,11477,0.7820392943876384
18427,11477,0.781654324738399
15957,11478,0.9505295538433213
16073,11478,0.946497431545953
16079,11478,0.946497431545953
10671,11479,0.20914736979630824
5525,11480,0.7052575255119252
20160,11481,0.3573350140027926
20157,11482,0.38432406201338376
7292,11483,0.31510517066274624
11235,11484,0.9535121592197937
15018,11485,0.1480340141749921
15196,11486,0.16450352859381734
7964,11487,0.0053316802593233546
7491,11488,0.9146589858812659
21306,11489,0.9641202680413898
19425,11490,0.6081302010501715
19428,11490,0.03893390482253223
19431,11490,0.02933611359650046
19435,11490,0.02933611359650046
19438,11490,0.0859532708863275
19441,11490,0.38901858693527214
19405,11491,0.6667467112832404
19408,11491,0.24293544104663536
19412,11491,0.36017462145785106
11640,11492,0.018956467774536086
11646,11492,0.3458628157422872
11706,11492,0.058877206374433874
11651,11493,0.10758420457561009
11657,11493,0.29935451212027764
11701,11493,0.09834305628561406
11695,11494,0.045250398305510135
11635,11495,0.3078651814188319
11690,11495,0.07363609370169125
28086,11496,0.8147623682687225
28089,11497,0.8941327841410582
7133,11498,0.12087248704033292
7122,11499,0.3553640644786731
7127,11500,0.7610724144850249
15638,11501,0.9007978404358963
15777,11501,0.666591755088924
10196,11502,0.8461798148085073
10229,11502,0.7486462300912476
10235,11502,0.7034402164987015
10240,11502,0.7128972277803554
9203,11503,0.6845882268205331
9208,11503,0.3114676176783344
9214,11503,0.4033554177876875
28027,11504,0.8561362497686256
5868,11505,0.973290940673024
5873,11505,0.9748223686890992
5879,11505,0.9731650160660478
6150,11506,0.49310028673402084
6156,11506,0.49371327348915817
7947,11507,0.2730293854693875
23436,11508,0.865499018602814
14339,11509,0.3692927203624407
14345,11509,0.7415167426504097
13996,11510,0.9442483859843754
20786,11511,0.8954760212674314
20783,11512,0.8954760212674314
9034,11513,0.9357747496407999
9039,11513,0.9322022373760572
7347,11514,0.8922886563532273
11503,11515,0.025711845311290768
11508,11515,0.025711845311290768
11514,11515,0.02507854374385485
11519,11515,0.02507854374385485
14511,11516,0.38509378309868425
6184,11517,0.37409097069222375
6312,11518,0.953966900955285
20948,11519,0.9892730517555663
8422,11520,0.964040046670048
19000,11521,0.8601900871964525
19003,11521,0.9132147952608494
10285,11522,0.9092615657758517
13542,11523,0.29992409025790123
7680,11524,0.7076315178252509
7685,11525,0.5104093513487432
7674,11526,0.3419817809372814
7669,11527,0.8228222117194599
17142,11528,0.9646980133660419
23571,11529,0.6150272924184225
12870,11530,0.9045912412232815
12903,11530,0.7111923556688294
21099,11531,0.758998706252147
21102,11531,0.8412608417319033
21105,11531,0.8601569384601706
7294,11532,0.9748184356578984
11229,11533,0.33396553226839176
5580,11534,0.19148384399965288
15578,11535,0.7865031590263206
15583,11535,0.8540928053504437
8595,11536,0.32162113755431876
8601,11537,0.17041747731968818
11089,11538,0.6931145043139556
11547,11539,0.7375873419866312
11552,11539,0.6774698149349195
9366,11540,0.9584358363520864
7039,11541,0.13424880003665485
23577,11542,0.8200418635660376
10736,11543,0.9621737746394018
21135,11544,0.818790056150609
21138,11544,0.8652766691316515
8363,11545,0.8484906627662734
10458,11546,0.5472699585811189
10463,11546,0.8711914006228041
10469,11546,0.8923305626448065
10474,11546,0.6128349947790792
10480,11546,0.6485995281002426
10485,11546,0.457446205997496
10491,11546,0.29544439533538636
10496,11546,0.425635813496795
10503,11546,0.7812750536216624
10508,11546,0.5445931568205684
11558,11547,0.3849984118560122
11563,11547,0.47035308133670944
11569,11547,0.13156206400779893
11574,11547,0.13696201293616198
11580,11547,0.09211063263360743
11585,11547,0.050831479296085814
7197,11548,0.12679202646720208
7203,11548,0.2075155660687897
7208,11548,0.08003261231467114
7214,11548,0.07430208703946478
7219,11548,0.33644290940642824
7225,11548,0.6049493196097891
11725,11549,0.10093190157245012
11730,11549,0.16914953026402593
11736,11549,0.3203803617958349
11741,11549,0.3163736356801044
11747,11549,0.36579337875201373
11752,11549,0.13839650211627583
14646,11550,0.8498328844819053
15022,11551,0.9717334247539655
8813,11552,0.44999890683206956
9392,11553,0.31857829848234265
8807,11554,0.27797957485581387
24033,11555,0.8797009913284205
11758,11556,0.4318920500137881
11763,11556,0.47987332266271043
11769,11556,0.5331192128582394
28157,11557,0.4406281895648341
11774,11558,0.6143335051470569
28155,11559,0.02171711828050023
28156,11560,0.007716463134699372
6181,11561,0.562460816751892
10752,11562,0.2711572048436458
10758,11562,0.7369051317925025
10403,11563,0.8782164647822832
17874,11564,0.8810901565000312
19260,11565,0.8201510318858228
19263,11565,0.7788065584540064
6336,11566,0.1792646103637675
17915,11567,0.29004320140601236
13491,11568,0.8804619869916547
6212,11569,0.9302802945647024
18145,11570,0.1952213012268279
23686,11571,0.5474096858866863
23667,11572,0.01239753768179044
7138,11573,0.11228392529416224
11780,11574,0.3070390996170858
13274,11575,0.4832056479796215
13281,11575,0.6618130974942855
9457,11576,0.5645806129139982
6197,11577,0.30757792313631954
11785,11578,0.12899429895678532
6225,11579,0.4421885247419544
28073,11580,0.9586934317400907
10514,11581,0.42625428587467573
13029,11582,0.9831739260347145
16394,11583,0.5741215065010591
16390,11584,0.6477791550412878
16398,11585,0.9265862506690078
23416,11585,0.9763874222898099
11807,11586,0.8644181350530192
16403,11587,0.5478341893222096
14897,11588,0.7658252360915873
14886,11589,0.7981401005302466
14892,11589,0.8947385793247827
11791,11590,0.45766423144021756
17861,11591,0.017026009357561125
17764,11592,0.0320099868224524
15195,11594,0.9810179030864813
10973,11595,0.94791058366428
21870,11596,0.9377181675976953
22700,11596,0.9377181675976953
21873,11597,0.9377181675976953
23252,11597,0.9377181675976953
21877,11598,0.8954760212674314
21867,11599,0.8954760212674314
11813,11600,0.11269610947849937
23056,11601,0.8716077639708624
8442,11602,0.8778379067327097
11474,11603,0.2955725213988012
11463,11603,0.5930538305192431
11469,11603,0.481827153706343
11430,11604,0.47432184791576987
11436,11604,0.8787269902666232
11441,11604,0.8807901275927135
11818,11605,0.2384897863800771
11414,11606,0.08956804198946597
11419,11606,0.10776159874603576
11425,11606,0.5197288870288908
11397,11607,0.053541204848621494
11403,11607,0.009883941307772436
11408,11607,0.028010945698618478
11447,11608,0.45851999844968433
11452,11608,0.919124600417793
11458,11608,0.9205626084514763
12602,11609,0.3220561039649875
12607,11609,0.27840374541668195
12614,11609,0.2906346300590593
12619,11609,0.29023776423659453
12625,11609,0.360008806762261
12630,11609,0.5587173760993973
12636,11609,0.743044762440758
16663,11610,0.9910933544327916
16667,11610,0.9872642433027439
20905,11611,0.8898999373182462
11173,11612,0.4219059058544959
8836,11613,0.31834346985035844
13417,11614,0.9630250932484079
13423,11614,0.9808157500583423
5108,11615,0.38044866622878853
5114,11616,0.29468369185527565
5097,11617,0.19426835524601332
5103,11617,0.22202688169659357
17666,11618,0.6016649385649339
17662,11619,0.264115317770815
7607,11620,0.5102849716365233
19956,11621,0.035104132288590426
19691,11622,0.7010508092535672
14633,11623,0.534923333533971
6071,11624,0.9745456687764994
6076,11624,0.9924841965095169
4945,11625,0.7971548188907004
11836,11626,0.8767671699296083
21341,11627,0.9168877859128759
15269,11628,0.6252186904130779
23567,11629,0.8867407521239556
16939,11630,0.9161917093235278
16256,11631,0.797763767156418
16279,11631,0.5268058489259765
16284,11631,0.40167590079688764
10702,11632,0.5124979416827427
10741,11632,0.5011990450681505
5130,11633,0.5460361214202755
5136,11633,0.8390660803807123
5141,11633,0.6209719932943865
10680,11634,0.3154905189674067
6411,11635,0.7317544615786182
6405,11636,0.8724190435864548
20191,11637,0.0272950971830612
17171,11638,0.6152960193460922
17174,11638,0.687815498893667
17178,11638,0.8253601204425504
11841,11639,0.9581314124367346
11023,11640,0.7624508296709541
11028,11640,0.700672034769603
16404,11641,0.49050717055310156
13604,11642,0.09992234415042513
10867,11643,0.40346493661251637
10872,11643,0.2945337069656285
10845,11644,0.7666660265539287
10856,11644,0.8268469512247657
10850,11645,0.24041392881582252
10861,11645,0.26715607944384234
16895,11646,0.9081271002283849
15085,11647,0.8271529225627363
11757,11648,0.036874769001590285
11712,11649,0.7852735514618412
11751,11649,0.43106105302820236
13339,11650,0.48044529637220657
6847,11651,0.6283817682827166
9168,11652,0.7975729699223808
7301,11653,0.9520403658317035
28690,11654,0.8866442635509288
28691,11654,0.9472969678680255
28712,11655,0.9472969678680255
23582,11656,0.7324844954898183
17540,11657,0.1536230624426227
18304,11657,0.17846729081014667
18307,11657,0.17846729081014667
18311,11657,0.48788439265902495
18297,11658,0.4526494414331329
18301,11658,0.446238331059424
21801,11659,0.8953891058325553
11816,11660,0.7782943733767277
11834,11660,0.7251875516534286
23659,11661,0.9898974049522322
7636,11662,0.2367721815241211
11110,11663,0.9711775977455538
11847,11664,0.3576580438401139
7144,11665,0.9484567412720171
9727,11666,0.3426694129749439
12519,11668,0.09620899305519286
16135,11669,0.6486827616738073
8081,11670,0.5677384821040373
8086,11671,0.6388725142926535
5444,11672,0.951831824034123
13702,11673,0.3940116604631867
7896,11674,0.13448473409735381
7902,11674,0.15485998822352476
7907,11674,0.16325938227149686
7913,11674,0.525986506993776
5903,11675,0.49713211854878425
5919,11676,0.5201769107679074
5914,11677,0.28361840857003395
5908,11678,0.28361840857003395
15659,11679,0.4494266651887641
17592,11680,0.6963094001574829
17595,11680,0.6991377307294744
16456,11681,0.007940376354915485
16460,11681,0.02286202589053648
16464,11681,0.040220891518431265
16469,11681,0.15687312627206224
5046,11682,0.36668844408163004
28296,11683,0.041931154787559995
11852,11684,0.2049316768492394
11858,11684,0.30390802341750806
11863,11684,0.11045224385159215
11839,11685,0.22016785978019096
11845,11685,0.15889543572189932
19562,11686,0.040123731196138795
19566,11686,0.0933549228181343
19569,11686,0.08415737458291875
11822,11687,0.024118880854259943
11827,11687,0.018393594450102777
7824,11688,0.04165410170429625
6468,11689,0.7524889702899349
15894,11690,0.013604330862667031
15861,11691,0.011988163137168379
15867,11691,0.011988163137168379
15872,11691,0.006500054027899124
15878,11691,0.006500054027899124
15883,11691,0.006500054027899124
15889,11691,0.012849331824790903
13559,11692,0.8198089711472181
15911,11693,0.027394813839235845
15302,11694,0.11177969202762855
10004,11695,0.30667734295281396
10199,11696,0.9477714485540272
10204,11696,0.9856945991480283
10455,11696,0.8848241877197986
19660,11697,0.9312973154655559
12278,11698,0.548578253229713
8452,11699,0.5740600887756074
6579,11700,0.8169693306917346
10947,11701,0.7591551669467388
10883,11702,0.9617997961710982
10889,11702,0.9708145348382813
15107,11703,0.7357374251823395
17756,11704,0.8786329963643373
17759,11704,0.8990921375053237
28036,11705,0.4827283199811309
12635,11706,0.008947029581189068
22963,11707,0.8945482628441627
22967,11708,0.8945482628441627
22970,11708,0.8945482628441627
22983,11709,0.8260748806994068
22990,11710,0.6070973687193006
22993,11710,0.6805517630266308
22973,11711,0.656728955972256
22977,11711,0.6857483253633303
22980,11711,0.7379422412523505
20790,11712,0.688006779115412
20926,11712,0.688006779115412
22957,11712,0.7813170618028054
22960,11712,0.7503966711306786
20287,11713,0.9016218027579763
23003,11713,0.8923832940294083
11861,11714,0.9001217741528109
11856,11715,0.21619599226193095
11850,11716,0.03491964560584903
20525,11717,0.9557548345504576
20784,11717,0.9318931514158111
17379,11718,0.5293451854632869
16475,11719,0.07112782408366429
16472,11720,0.049144567172467
9384,11721,0.9499851038429418
11448,11722,0.9506417668687138
11869,11723,0.9787859514314873
12547,11724,0.5540126365339784
13003,11725,0.5744246796257737
14416,11726,0.0026049888639417588
5815,11727,0.5959980795216766
5821,11727,0.5850363010809663
15635,11728,0.9840194973173145
11525,11729,0.12150854847937849
7652,11730,0.15031474765132197
23579,11731,0.6787897700003979
23557,11732,0.08835481594168657
16417,11733,0.9063441398310661
18905,11734,0.883757983094411
5345,11735,0.595094298384314
23112,11736,0.9814312093913861
15384,11737,0.9289716539803701
8969,11738,0.988634654103412
18148,11739,0.9589794782113024
19884,11740,0.41499727621404464
20764,11741,0.8811408284162856
20768,11741,0.8810980382990414
19590,11742,0.6327896782827547
19593,11742,0.7129580329124147
12669,11743,0.4874018679615786
9713,11744,0.5218492092733455
12985,11745,0.7996734616311238
14517,11746,0.5843838300883291
21172,11747,0.5161828880552451
23675,11748,0.013754151482990267
19121,11749,0.4220386674006698
19134,11749,0.46090910089038295
11232,11750,0.9657778754649359
15651,11751,0.27088638903065204
15724,11752,0.345960902811857
15646,11753,0.06480535148335173
10536,11754,0.23912623722302673
8990,11755,0.9747106248287607
8995,11755,0.9760042915920171
13467,11756,0.9984949326600248
8547,11757,0.3496761799524773
7968,11758,0.7202401187878145
14725,11759,0.8481705539669896
9940,11760,0.9949823784017766
10602,11761,0.9885198196506346
11874,11762,0.4804480514264278
11880,11762,0.484442877834315
11254,11763,0.9078983836642955
11259,11764,0.9078983836642955
10902,11765,0.9925215663401813
10613,11766,0.9737990127427701
11080,11767,0.9156125163254906
22590,11768,0.8193240989163402
22593,11769,0.826075533668262
22596,11769,0.826075533668262
22600,11769,0.826075533668262
22603,11769,0.826075533668262
16482,11770,0.7815721888878905
22856,11771,0.8646684160039224
11129,11772,0.680782483395058
11140,11773,0.8785997500672864
5256,11774,0.5402749319141452
5261,11775,0.5024294667571988
5245,11776,0.2587566651850001
5267,11777,0.43588324130811634
19586,11778,0.7944921529246628
27595,11779,0.05777983630605378
4870,11780,0.03490094334030617
4875,11780,0.040659245951412494
20279,11781,0.5316632752671395
10346,11782,0.9748517489914132
10351,11782,0.9813242398821997
16479,11783,0.8476396666300874
15091,11784,0.2473968783705455
15096,11784,0.29137126823047427
23343,11785,0.2830053913377608
11889,11786,0.17790641422051418
11894,11786,0.15524836541225573
11878,11786,0.05890098421064795
11883,11786,0.06309432503186777
11900,11786,0.6400925410967434
11905,11786,0.5439457639369394
15902,11787,0.7649714250154657
11885,11788,0.3892970746814215
9929,11789,0.8449724750476161
9935,11789,0.600964547756104
18511,11790,0.886773898053623
10018,11791,0.5385313117342967
10630,11792,0.12694192906125779
14626,11793,0.24973085266940073
20162,11794,0.33804526340665303
22156,11794,0.8440334864728913
22159,11794,0.7511866316246882
7336,11795,0.1954160666835382
7341,11795,0.1954160666835382
7196,11796,0.5480753475642992
11135,11797,0.5234012248133872
11872,11798,0.6225223204080196
8551,11799,0.8727794926409166
8426,11800,0.944139301914238
8431,11800,0.9442582206969641
19006,11801,0.8265989856580253
19010,11801,0.870917675932576
19570,11802,0.44807628357860435
19573,11802,0.559251254963637
18990,11803,0.5409725480379783
18993,11803,0.5637877009612436
18996,11803,0.581718034983186
18507,11804,0.6722242591514502
23556,11805,0.8634753284627935
23580,11805,0.660523991172951
11435,11806,0.95137237556452
11034,11807,0.9478086330324781
11039,11807,0.964933863401418
17533,11808,0.7431158265703056
17536,11808,0.8466993004033847
11902,11809,0.09745379325485119
11896,11810,0.026966446402491243
9407,11811,0.8604503519328202
13087,11812,0.7355570293612489
8126,11813,0.02351303871098696
11907,11814,0.9691143622014746
11913,11814,0.9211787779575195
11918,11814,0.9489141909881101
6429,11815,0.33672704519573576
6435,11815,0.5619107497645323
10614,11816,0.041441810119959246
11978,11817,0.9613524612884103
19300,11818,0.443018052730154
11981,11819,0.8959637073405312
14883,11820,0.9398057548214352
15049,11820,0.9539817039169747
12014,11821,0.8959637073405312
11975,11822,0.9251550449259484
13195,11823,0.09881664644295543
11462,11824,0.007195607277765484
11924,11825,0.0049682304789853415
11911,11826,0.918504843386318
11916,11827,0.5666707625584918
11922,11827,0.5239991290304016
11927,11827,0.48081049647916446
11933,11827,0.4032177163365183
11938,11827,0.3845452749468134
11945,11827,0.2842318699265886
11950,11827,0.3779056900117099
11956,11827,0.538796157681758
11961,11827,0.5705868544342502
11967,11827,0.5928473730812628
11972,11827,0.7145654507859399
11929,11828,0.24849003218403426
20459,11829,0.8812132226165504
11935,11830,0.20872223133026643
11940,11830,0.16233601723925592
11947,11830,0.25045195348729715
11952,11830,0.31623791846388366
11958,11830,0.5390479141567528
11963,11830,0.5865835829150443
11969,11830,0.6376701114612549
11974,11830,0.22833959589555652
11980,11830,0.7558920363872186
11991,11831,0.9247337823182773
12041,11832,0.9433686280277631
12025,11833,0.946788961994531
11996,11834,0.24113343685573155
12030,11835,0.9485299499822294
12036,11836,0.6924422370477923
12019,11837,0.7630113604650601
11992,11838,0.8082617434764444
11986,11839,0.7641154001025607
12008,11840,0.7159439890314115
12002,11841,0.30276742705817733
9780,11842,0.08378377315938709
9785,11842,0.2249713655092293
6263,11843,0.9122833552825287
11948,11844,0.8444979883713098
12103,11845,0.6979324406801646
12119,11846,0.7676645138348948
12114,11847,0.7676645138348948
11964,11848,0.7676645138348948
11959,11849,0.8122450545527482
12086,11850,0.8122450545527482
12003,11851,0.8122450545527482
12108,11852,0.7687534459553728
11953,11853,0.927167311823035
11997,11854,0.9337014329939045
11970,11855,0.9314950916125062
12449,11856,0.6190024854332503
12007,11857,0.8321647332303971
20971,11858,0.9270173990787841
20974,11858,0.9699853611129944
16124,11859,0.9174043050961582
11797,11860,0.8447941578052135
12317,11861,0.3938848144955018
12323,11861,0.3696261248049512
12328,11861,0.347547702021288
12334,11861,0.2327719396879995
12339,11861,0.17776771107642766
12345,11861,0.5806997142497164
12350,11861,0.6007736723280532
12356,11861,0.8834930558650508
15712,11862,0.9485559778362939
15717,11863,0.6766302173270119
15706,11864,0.20379343606724845
15695,11865,0.12898405964985585
15701,11866,0.023086795416560526
15690,11867,0.033482904846614425
7602,11868,0.9308393012849634
7385,11869,0.116768222944977
7530,11869,0.1111255679824044
7536,11869,0.21584794354859957
7541,11869,0.21584794354859957
7547,11869,0.20892501161381224
7580,11869,0.18461089586840992
7585,11869,0.3010895270400144
7552,11869,0.2088342813650718
7558,11869,0.2120854317106323
7563,11869,0.13570117951836227
7569,11869,0.17596022447360066
7574,11869,0.15839602333238306
7591,11869,0.38547724135536193
7596,11869,0.5074838027267438
7614,11869,0.471589198553775
7130,11870,0.3083569851793191
7136,11870,0.4367568719873592
7141,11870,0.4390955349104335
7147,11870,0.4255364142493701
7152,11870,0.3568445213835736
7158,11870,0.3974444937436959
7163,11870,0.6181103242224772
7170,11870,0.7237037677160517
15001,11871,0.8751214323312559
15258,11872,0.5048498522093962
15236,11873,0.861934867910024
15436,11873,0.8622032459569604
15441,11874,0.7038908317014159
12133,11875,0.3549173664840957
12013,11876,0.4186659104746624
27995,11877,0.11739247484635232
27996,11877,0.10351875641541379
27997,11877,0.16892640592646113
27999,11877,0.36715066580174327
28000,11877,0.3406904483577758
28001,11877,0.5097352898120919
28002,11877,0.6292741186822978
28003,11877,0.663281733113768
27622,11878,0.9188231079793047
6668,11879,0.9458295366288031
6673,11879,0.9309439484996247
20988,11880,0.31820104308838343
20984,11881,0.12179506779383441
20981,11882,0.1496876326932756
10807,11883,0.27880691800869517
23323,11884,0.579342444259858
23326,11885,0.4126210636385667
19670,11886,0.9657496331931116
19677,11887,0.824804659180959
19673,11887,0.7507609429441278
19773,11887,0.889817648662166
20742,11888,0.7731706240459864
10769,11889,0.07535138620282347
10747,11889,0.06968423021668148
10788,11890,0.6967771496247747
10877,11890,0.9156951441667028
6274,11891,0.2262986917840884
6281,11892,0.2262986917840884
6286,11893,0.2262986917840884
6292,11894,0.019990805986238043
14985,11895,0.031130629869154134
14991,11895,0.17291133794347419
20291,11896,0.7651716977378735
20294,11896,0.7897485936790922
20330,11896,0.7897485936790922
20334,11896,0.7897485936790922
20278,11897,0.7819592174824006
23558,11898,0.36128548080244655
20250,11899,0.1820322168561245
20254,11899,0.27767208250436287
20257,11899,0.4418302813701259
20260,11899,0.5972645724102631
11658,11900,0.7721487456789022
11663,11900,0.7927601478311355
11669,11900,0.6040397315251586
11636,11901,0.6258479707219962
11641,11901,0.5196137936538946
11619,11902,0.2159184997490585
11625,11902,0.23105318871315617
11630,11902,0.26115831006495693
11596,11903,0.046288621879591076
11602,11903,0.06987797173351168
11591,11903,0.03914199478973978
11647,11904,0.09122246574158027
11652,11904,0.10682091958760057
11607,11905,0.05554886747618156
11614,11905,0.06125471908693
11685,11906,0.1380320778141276
11691,11906,0.12475807979377387
11696,11906,0.19720661685308094
11674,11907,0.08596006335929542
11680,11907,0.08756133339814194
7746,11908,0.8784214189521063
12256,11909,0.6867816108010836
12250,11910,0.6868999887781989
12018,11911,0.13348523854234096
12024,11912,0.9804039891637922
12029,11912,0.9663184659446465
13192,11913,0.9712867235572278
13286,11913,0.7428893854868291
13292,11913,0.7428893854868291
17511,11914,0.5185064803905614
17514,11914,0.5185064803905614
17524,11915,0.5857431764702267
17427,11916,0.6033128313939673
17527,11916,0.6451909523642435
17530,11916,0.632918549290326
12035,11917,0.017862014860098526
12040,11917,0.05287298005689955
12046,11917,0.11731678570026319
6157,11918,0.9363095160026336
13247,11919,0.9392134820879332
20811,11920,0.784034290927504
16958,11921,0.8163300942515308
16961,11921,0.8163300942515308
19647,11922,0.9304531644055254
19806,11922,0.9645342280360548
11536,11923,0.4450146590416271
11541,11923,0.10107582167607991
14450,11924,0.4847708769178131
14456,11924,0.8988239414156458
10669,11925,0.8579386232464815
5936,11926,0.8965666311253228
6103,11927,0.39741857477509585
7325,11928,0.3969724302280901
7319,11929,0.4719247163739018
7707,11930,0.6681718583963637
12051,11931,0.6896591305999618
13183,11932,0.4872190673529861
13847,11933,0.9861090293616799
14302,11934,0.6441741455956705
6600,11935,0.6511804096770096
21664,11936,0.8171469344986648
22399,11937,0.903551906976198
28674,11938,0.45470104136893913
28675,11938,0.6734637180146511
28673,11939,0.6734637180146511
6797,11940,0.758423069294385
14113,11941,0.9369629880894992
14118,11941,0.9369629880894992
5071,11942,0.7549545494005208
14972,11943,0.8849242761587887
19770,11944,0.7268430444986883
10869,11945,0.8765844079014367
10863,11946,0.43433661099055165
10874,11947,0.17947918678238833
28032,11948,0.9206619438890515
7785,11949,0.3730054746340174
9671,11950,0.04386081245300424
8680,11951,0.8731597981123662
14441,11952,0.5931139049939069
17136,11953,0.9183332905720285
17139,11953,0.9112679132698982
11917,11954,0.6892633553753923
11923,11954,0.7449204544866302
17928,11955,0.16541200308045012
17932,11955,0.16541200308045012
17935,11955,0.3449265106060485
17938,11955,0.3449265106060485
17941,11955,0.3449265106060485
17946,11955,0.3449265106060485
10896,11956,0.26732172230256845
15229,11957,0.057025763970514794
5630,11958,0.4199935710198735
12372,11959,0.9568577439115374
28161,11960,0.960063840657834
14194,11961,0.8857006217229179
7995,11962,0.9792975590591498
8001,11962,0.970113182181862
16219,11963,0.5395233363689034
16225,11963,0.5509651625730665
16994,11964,0.9054124211785396
16997,11964,0.8982459197671645
17001,11964,0.8768710005640988
17107,11964,0.9208797961189666
17253,11965,0.5095988569658675
17257,11965,0.5095988569658675
17263,11965,0.6657212518922828
17247,11966,0.4909417093371774
17244,11967,0.6082026217544044
17250,11967,0.5892923842248062
17260,11967,0.6637276651504251
7633,11968,0.5001535742131886
7638,11968,0.5880919152130364
7644,11968,0.3296504738831932
7649,11968,0.5001535742131886
7655,11968,0.6941482082840835
7660,11968,0.5875450566160335
7666,11968,0.3296504738831932
11196,11969,0.7681437939699801
11202,11969,0.7681437939699801
10647,11970,0.9378156395650697
10652,11970,0.8749715105674775
12058,11971,0.18635922981968728
10529,11972,0.8630658910950019
10535,11972,0.8816865510255436
10340,11973,0.3813310812152745
13818,11974,0.9836831333944814
13824,11974,0.9762006582436529
7463,11975,0.9110658741067008
7474,11976,0.9110658741067008
13606,11977,0.8271948736736345
14694,11978,0.6542931145098868
14716,11978,0.6542931145098868
14724,11978,0.6542931145098868
14729,11978,0.6542931145098868
14740,11978,0.6542931145098868
14828,11978,0.6542931145098868
14835,11978,0.6542931145098868
14840,11978,0.6542931145098868
14846,11978,0.6542931145098868
14851,11978,0.6542931145098868
9305,11979,0.9783374729628564
9311,11979,0.9949461036062413
9002,11980,0.8924744069085184
5890,11981,0.9694626873522223
21756,11982,0.44688616005979126
19725,11983,0.5501184387179441
13963,11984,0.5544063258805055
6035,11985,0.9463415438898407
6040,11985,0.9322920762510398
12091,11986,0.1345728209046157
13181,11987,0.523184159082842
13911,11988,0.9413985407325935
23239,11989,0.5606891040862306
23243,11989,0.5606891040862306
23246,11989,0.5954412529616263
23249,11989,0.5954412529616263
9256,11990,0.7309900952252277
9261,11990,0.7017036404950683
22744,11991,0.8295931628796858
22747,11991,0.8295931628796858
22750,11991,0.8295931628796858
22734,11992,0.8295931628796858
22737,11992,0.8295931628796858
22740,11992,0.8295931628796858
6918,11993,0.6467040949706584
6948,11993,0.6467040949706584
6964,11993,0.6467040949706584
14890,11994,0.7387937916116762
14906,11994,0.7387937916116762
20366,11995,0.34001847657570033
20369,11995,0.34001847657570033
20372,11995,0.23434715081355434
20375,11995,0.23434715081355434
20379,11995,0.3491848806511212
20382,11995,0.3491848806511212
10963,11996,0.5825442423592964
10969,11996,0.5825442423592964
8223,11997,0.9740535033985195
8228,11997,0.9734680588319878
8879,11998,0.7674794296898845
22915,11999,0.8560685569740367
22739,12000,0.9651563986347554
19117,12001,0.8143956851525824
20608,12002,0.9670404654235814
20605,12003,0.9948685004720849
20599,12004,0.9356910631368422
20579,12005,0.926568919100444
20582,12005,0.9006139546985594
20585,12005,0.9006139546985594
20602,12005,0.947441590925801
7229,12006,0.9809458142517427
7240,12007,0.9956363814966117
7246,12008,0.9928054639643098
6064,12009,0.9617562250997228
6070,12009,0.9503853114347373
10718,12010,0.990760468212053
12701,12011,0.9795351729311159
10858,12012,0.9577487831025472
13807,12013,0.9012665636584943
13813,12013,0.9565723064444392
15402,12014,0.8783420781071202
6803,12015,0.9955690865632439
6808,12015,0.9989217329154404
15102,12016,0.3408122356969269
11211,12017,0.3714264738427617
11271,12017,0.5892071645811566
15461,12018,0.3912118727732767
11526,12019,0.7707842338784778
12186,12019,0.7349738356508231
5728,12020,0.28581932834180673
5734,12020,0.37078997819711174
5739,12020,0.632853568581684
5745,12020,0.2929740150892433
5750,12020,0.575274964812781
5756,12020,0.9458230313278346
12074,12021,0.6052030908155563
10796,12022,0.10113418424700799
13098,12023,0.3387082369723077
13104,12023,0.31973478594436483
12080,12024,0.6738104668544078
10414,12025,0.7766904430003257
12606,12026,0.5318382517288854
13599,12027,0.18598958239032917
5889,12028,0.4583680025009858
5894,12028,0.4062244378505541
22663,12029,0.9195964731339774
22667,12029,0.9043142777472812
22670,12030,0.9054458218308173
22673,12030,0.8840605355287975
7194,12031,0.6534902617245212
8670,12032,0.9595500874915807
11085,12033,0.020699674952296413
12085,12034,0.41126443457271356
19090,12035,0.9288949049197261
19093,12036,0.6263059518533896
5068,12037,0.8353952547475233
12096,12038,0.8790939327768604
10002,12039,0.9380474346257184
19607,12040,0.7918982139264198
8063,12041,0.46962964487217346
11985,12042,0.09342645611501163
16337,12043,0.36380532487523537
16331,12043,0.5907301555116605
16293,12044,0.4256869917663545
16488,12044,0.5496004720132497
16282,12045,0.5279052404275535
16287,12045,0.4344488731810347
16259,12046,0.5496004720132497
16264,12046,0.44710196141371766
16320,12047,0.5496004720132497
16326,12047,0.44710196141371766
11362,12048,0.06198974050923318
21759,12049,0.925674703415208
7116,12050,0.6853931636807937
11180,12051,0.01570162564947717
15074,12052,0.7397840473364709
15105,12053,0.05336467788660341
11908,12054,0.8463102427499966
13036,12055,0.5799115163893234
13147,12055,0.7850876841814293
12102,12056,0.2869394567998681
6271,12057,0.9336273287161804
6283,12058,0.40107873052520304
8180,12059,0.41307793932102915
18537,12060,0.9296739249447549
18540,12060,0.6742225583087437
18544,12060,0.9376517632960943
13703,12061,0.888358607800922
13708,12062,0.891140676619198
14837,12063,0.8657688442965935
17479,12064,0.7938812213207518
10624,12065,0.9911416289705127
10629,12066,0.9190673257222717
10640,12067,0.9926783616782384
10635,12068,0.9926783616782384
10618,12069,0.9190673257222717
9863,12070,0.15463333334874677
9858,12071,0.9396876363749223
10824,12072,0.07394825212119642
12107,12073,0.9248113289984015
20219,12074,0.5074864733275296
21173,12074,0.5074864733275296
9413,12075,0.91329298852163
9418,12075,0.9050784960132832
7289,12076,0.7276786493588216
6069,12077,0.7879972539821949
19844,12078,0.9372503149942677
6445,12079,0.9410276985831866
10547,12080,0.07658957198054155
10552,12080,0.1053920593940041
10558,12080,0.09736142083553596
10563,12080,0.08417573892352523
10569,12080,0.033054656529360106
10574,12080,0.09367494022837407
10580,12080,0.1920638121725255
10585,12080,0.615209880912514
10591,12080,0.8586011768385082
10257,12081,0.7058555077159694
10262,12081,0.6897543523986975
10268,12081,0.6897543523986975
10292,12082,0.42733095049356545
10297,12082,0.48998792147910797
10303,12082,0.5078911594223384
10273,12083,0.2009169884923454
10281,12083,0.22314299632693524
10286,12083,0.33066631119741335
12113,12084,0.33815103758912574
12118,12084,0.47517739115352525
11891,12085,0.7487000361661331
12124,12086,0.5169936419572697
14931,12087,0.9316999670855901
8801,12088,0.7562588656557083
5356,12089,0.28559985121206133
8092,12090,0.6586182618023413
9502,12091,0.5461138082129965
12417,12092,0.34186338762668866
12129,12093,0.5261295594870651
16819,12094,0.860426475968792
15518,12095,0.48141606934397246
15606,12096,0.5961031355945614
10884,12097,0.5264066701399036
20755,12098,0.8188842706895927
9555,12099,0.4676867960641478
9560,12099,0.5980342070459408
9544,12100,0.5392106513798287
5752,12101,0.8908859802048636
11702,12102,0.267659422016247
11707,12102,0.27380536529705046
11713,12102,0.2883987193443716
11718,12102,0.27514997579724154
14051,12103,0.9500453021303833
14069,12103,0.9433970313685827
11867,12104,0.5227925482077197
6094,12105,0.7015239085313469
6100,12105,0.725854503492895
7271,12106,0.9366605143942222
10394,12107,0.16136748403354148
10400,12108,0.30337818996723837
10389,12109,0.30337818996723837
10382,12110,0.27107148651659796
6446,12111,0.64803115642289
6440,12111,0.7409427006887226
10405,12112,0.27107148651659796
10725,12113,0.9007447058865625
5712,12114,0.5708111355600507
5717,12114,0.5467195862323547
7397,12115,0.11439812359475147
7392,12116,0.11439812359475147
9017,12117,0.9569547260099944
9023,12117,0.9614300526375055
9068,12117,0.9569547260099944
9073,12117,0.9614300526375055
9079,12117,0.9894826735508735
9084,12117,0.9907655797769956
9090,12117,0.9569547260099944
9095,12117,0.9614300526375055
10932,12118,0.9680879557166906
12279,12119,0.5284774117536072
12361,12119,0.5645456137904882
7192,12120,0.9598308183958971
15738,12121,0.9908628965544918
15744,12121,0.990775946187391
5306,12122,0.3717302815026309
5312,12123,0.9482508643894452
5328,12124,0.9418141262451263
13401,12125,0.9935226290340077
11265,12126,0.9826630271216674
28074,12127,0.9720999364166032
19370,12128,0.4929990011642097
8592,12129,0.6025317050157336
15663,12130,0.8002924592648425
15669,12130,0.9382913913073524
19777,12131,0.3024975638283375
19780,12131,0.25610943419363025
11122,12132,0.9718353471501278
23851,12133,0.5526809591018995
23896,12133,0.4862470564020716
23865,12134,0.4771899757982749
23860,12135,0.4771899757982749
11197,12136,0.9742584298316314
8427,12137,0.9619029606207667
5793,12138,0.7082361887823244
5799,12138,0.6551115751986013
27664,12139,0.10157739784962513
27673,12139,0.10157739784962513
13687,12140,0.628897512842505
13682,12140,0.6212988609271229
27948,12141,0.551845934637562
7148,12142,0.9988068903166581
16471,12143,0.7132919034748756
16474,12143,0.4962750550855438
16522,12144,0.6862622555067519
16525,12144,0.5045295708936369
16505,12145,0.4615583017794588
16508,12145,0.3535951574564321
16481,12146,0.699763112767836
16484,12146,0.49797208354763445
16512,12147,0.699763112767836
16515,12147,0.49797208354763445
16518,12148,0.38346291045468184
16409,12149,0.25554877560553413
16478,12150,0.2604275251531034
16414,12151,0.3046703369966098
16405,12152,0.24903528359784072
6057,12153,0.7937577027880898
8762,12154,0.7962554019813152
18603,12155,0.8887743332913567
19534,12156,0.870923237457186
6817,12157,0.8217775580815401
6812,12158,0.747613178470676
6862,12159,0.2590780659402359
12135,12160,0.685167469176555
23568,12161,0.9553856132649596
23569,12161,0.915897110218623
23570,12161,0.9565812820736285
23562,12162,0.7559763649585106
23563,12162,0.7450498354938664
23565,12162,0.8046713021113298
23559,12163,0.3604998809399597
23560,12163,0.34080162374645195
23561,12163,0.375914394460659
6000,12164,0.974308434393702
10358,12165,0.43635795428372126
10363,12165,0.6705933616716587
11102,12166,0.6750768527429027
10982,12167,0.9797908924153094
10988,12167,0.9512751039136427
7594,12168,0.9983268713937481
11124,12169,0.7683162947962972
20978,12170,0.9287750330351963
16347,12171,0.8943936001116474
6874,12172,0.41227682605813154
9179,12173,0.34724613518764486
9184,12173,0.34724613518764486
23890,12174,0.5994042529882042
18284,12175,0.8737587443614429
12285,12176,0.7246418353210137
19022,12177,0.9309671684871105
19025,12177,0.9364707243592727
13275,12178,0.6988665331592122
18835,12179,0.7595492542558882
17761,12180,0.8923632308505932
6795,12181,0.9117054034823738
12311,12182,0.6264558492348693
12316,12182,0.5648339329971427
12322,12182,0.6530920097734658
12327,12182,0.6208880012357273
12333,12182,0.5725133213482302
12338,12182,0.6419147887355426
12394,12183,0.15687338303138526
12400,12183,0.4386406829912582
16527,12184,0.5333976307380409
18478,12185,0.5037339351962095
18481,12185,0.9477462971353856
11473,12186,0.9885010669398145
11479,12186,0.9885010669398145
11468,12186,0.9635844952003936
11302,12187,0.4195721448699063
11307,12187,0.4195721448699063
11884,12188,0.4457506434228541
14726,12189,0.7108461274284718
22089,12190,0.5471460446414887
7300,12191,0.619110312844503
12291,12192,0.19317468365363022
5425,12193,0.46951896428316864
5430,12193,0.45973903738994654
5436,12193,0.4286509923476079
11000,12194,0.6010441348888379
11005,12194,0.6164052968816645
23884,12195,0.5994042529882042
23882,12196,0.5994042529882042
23883,12197,0.5994042529882042
23885,12198,0.5994042529882042
23886,12199,0.5994042529882042
23876,12200,0.5994042529882042
23878,12201,0.6569827394338789
23875,12202,0.5994042529882042
23874,12203,0.5994042529882042
23872,12204,0.5994042529882042
23873,12205,0.6465447736520815
23879,12206,0.5994042529882042
23881,12207,0.5994042529882042
23880,12208,0.5994042529882042
23887,12209,0.5994042529882042
12748,12210,0.6094924280098885
12296,12211,0.9410237694119887
12302,12211,0.959508398247314
12068,12212,0.9305957991440584
15279,12213,0.9933143590510382
7630,12214,0.8637747501964536
7702,12215,0.3444352405951823
12690,12216,0.9817408106574113
12695,12216,0.9948132006387054
7291,12217,0.9844107532385983
6230,12218,0.9379201651084859
15272,12219,0.8371664429521546
11379,12220,0.20899665159706507
11069,12221,0.9560539967458229
11074,12221,0.9734936803320379
16694,12222,0.9569142052581382
17534,12223,0.7347020349341463
17537,12223,0.7296212337747564
12948,12224,0.7758783278990545
12953,12224,0.621481129203356
12959,12224,0.6220119397935718
27660,12225,0.9528615814676714
18493,12226,0.7274936171684414
20408,12227,0.973862946872404
20412,12227,0.9739203364960788
12307,12228,0.09970270402358085
20313,12229,0.5534171204235813
6441,12230,0.3204850392740342
6519,12230,0.3204850392740342
6970,12230,0.3204850392740342
6975,12230,0.3204850392740342
10715,12231,0.4993013400765864
12157,12232,0.32812103672032794
12162,12232,0.32812103672032794
12169,12232,0.32812103672032794
12174,12232,0.32812103672032794
12180,12232,0.32812103672032794
12185,12232,0.32812103672032794
12218,12232,0.2773781403962916
12240,12232,0.32812103672032794
12246,12232,0.32812103672032794
12251,12233,0.36151151665032694
12257,12233,0.36151151665032694
12262,12233,0.36151151665032694
12268,12233,0.381510554277268
12273,12233,0.381510554277268
12280,12233,0.381510554277268
18913,12234,0.8373898295111147
18910,12235,0.8745120837260274
10330,12236,0.948570719689553
14791,12237,0.6307352033876285
14796,12237,0.7071238617439402
27910,12238,0.4176732849076668
16372,12239,0.8683517591776622
6145,12240,0.8937410952086312
23578,12241,0.810578278933422
10730,12242,0.9508477791853028
9202,12243,0.004591109242946581
14425,12244,0.7475603503323639
20436,12245,0.8911045298798165
20456,12245,0.9294553673377793
7658,12246,0.9137005610698796
11495,12247,0.2980185493623959
10368,12248,0.4243334101668898
11895,12249,0.713390171073054
17407,12250,0.6715970360070438
17411,12250,0.7489353423609302
16371,12251,0.9334299299991029
18864,12252,0.6725964242279311
12335,12253,0.48818344981295786
7422,12254,0.928646513980232
7427,12254,0.9222643910947091
12340,12255,0.47346029140458135
6963,12256,0.705842573126819
19444,12257,0.9189569421749081
18281,12258,0.9449925447755559
5040,12259,0.9505234367167129
6074,12260,0.9395674392408526
6107,12260,0.9607684052593468
10302,12261,0.422162896157412
10307,12261,0.4460763349584605
13601,12262,0.2899652032058795
11230,12263,0.2117457325128129
11269,12263,0.35562313826025527
21755,12264,0.9702608112317962
8489,12265,0.9358654458291443
8494,12265,0.9358654458291443
8501,12265,0.9358654458291443
9234,12265,0.9358654458291443
9423,12265,0.9358654458291443
9428,12265,0.9358654458291443
9434,12265,0.9358654458291443
9489,12265,0.9358654458291443
9501,12265,0.9358654458291443
8339,12266,0.9384434572464011
8345,12266,0.9384434572464011
8350,12266,0.9384434572464011
8356,12266,0.9384434572464011
8545,12266,0.9384434572464011
9228,12266,0.9384434572464011
9239,12266,0.9384434572464011
9290,12266,0.9384434572464011
9295,12266,0.9384434572464011
9301,12266,0.9384434572464011
9306,12266,0.9384434572464011
9312,12266,0.9384434572464011
9361,12266,0.9384434572464011
9367,12266,0.9384434572464011
9372,12266,0.9384434572464011
9378,12266,0.9384434572464011
9383,12266,0.9384434572464011
9350,12266,0.9384434572464011
9356,12266,0.9384434572464011
9390,12266,0.9384434572464011
9395,12266,0.9384434572464011
9401,12266,0.9384434572464011
9406,12266,0.9384434572464011
9412,12266,0.9384434572464011
9417,12266,0.9384434572464011
9494,12266,0.9384434572464011
8217,12267,0.9292944408331724
9212,12267,0.9292944408331724
9217,12267,0.9292944408331724
8512,12268,0.9342013968601225
8517,12268,0.9342013968601225
8523,12268,0.9342013968601225
9279,12268,0.9342013968601225
9284,12268,0.9342013968601225
9317,12269,0.946213064221448
9323,12269,0.946213064221448
9328,12269,0.946213064221448
9334,12269,0.946213064221448
9339,12269,0.946213064221448
9345,12269,0.946213064221448
9223,12270,0.9336389437914331
9245,12270,0.9336389437914331
9250,12270,0.9336389437914331
9272,12270,0.9336389437914331
23576,12271,0.8417021719427593
18906,12272,0.9151786553515521
8514,12273,0.6511653031072921
8519,12273,0.6968240031638887
6774,12274,0.9299018576193835
6780,12274,0.9299018576193835
6807,12274,0.9299018576193835
6836,12274,0.9299018576193835
6841,12274,0.9299018576193835
17868,12275,0.6075501594669211
6769,12276,0.8986137204030931
6785,12276,0.8986137204030931
6791,12276,0.8986137204030931
6796,12276,0.8986137204030931
6802,12276,0.8986137204030931
6813,12276,0.8986137204030931
6818,12276,0.8986137204030931
6824,12276,0.8986137204030931
6829,12276,0.8986137204030931
20991,12277,0.9099177855498329
19483,12278,0.8810668276364922
19486,12278,0.9713929465217501
8637,12279,0.8027514741650109
19507,12280,0.5244994708696349
8485,12281,0.3951549970876592
10929,12282,0.9522636680049735
17828,12283,0.9797408952343732
17833,12283,0.9783437426987385
12272,12284,0.13766743979330273
12267,12285,0.2489253024980459
16416,12286,0.37547186727811727
16420,12286,0.7071209994550012
16425,12286,0.7071209994550012
16429,12286,0.5194984291632074
16434,12286,0.27800867937464224
16438,12286,0.3855975500355616
16442,12286,0.4630295198803841
16447,12286,0.4399666852236714
8656,12287,0.46815160345061246
8661,12287,0.46815160345061246
6680,12288,0.29802656279559364
6685,12288,0.29802656279559364
11185,12289,0.6463607691759927
11191,12289,0.6755439765527617
11802,12290,0.6123003217392357
11796,12291,0.6235107838262606
11216,12292,0.7994228879126563
15946,12293,0.9833637704502531
15951,12293,0.9907462713988907
21391,12294,0.9135728519776083
21394,12294,0.9135728519776083
21397,12294,0.9135728519776083
10524,12295,0.5091166539553259
10540,12295,0.16946838729010513
10546,12295,0.31761799149800296
10551,12295,0.2548590299169145
10557,12295,0.16096668589267737
10562,12295,0.19038913100770288
18617,12296,0.9448064132692768
23566,12297,0.6644033628679328
13553,12298,0.9879862073943949
14316,12299,0.16944546699350232
14322,12299,0.16944546699350232
15212,12300,0.39090164787751175
15217,12300,0.4813940403359615
15223,12300,0.43896484919031464
15228,12300,0.22155242308624923
15234,12300,0.33931938216733604
15239,12300,0.6122449689575584
15206,12301,0.8721367299678469
5161,12302,0.9144909429332414
14701,12303,0.9437760243466121
23600,12304,0.9841613604600871
17342,12305,0.6942232483714486
17346,12305,0.680678079309471
12484,12306,0.04584192980722195
12490,12306,0.010167465512041615
7524,12307,0.2497489645206763
7518,12308,0.32164824111977103
19856,12309,0.5544561798258255
28190,12310,0.8998779736298554
28191,12310,0.8904620332895051
17181,12311,0.7740157573042412
17187,12311,0.7256137287453593
17194,12311,0.8774144841252938
27833,12312,0.7696802816808523
17191,12313,0.28397859122517705
5959,12314,0.476833674637343
5964,12314,0.4097652566265343
17184,12315,0.2488487103637546
9351,12316,0.36514279959765916
9346,12317,0.7643748328505454
15535,12318,0.4914253957740186
16570,12319,0.7617941721146967
16573,12319,0.19782137134619288
12368,12320,0.01762145686174152
12468,12321,0.07593895061975141
12384,12322,0.0514799498902764
12379,12323,0.0514799498902764
12402,12324,0.06312639039102437
12473,12325,0.06606946779938393
10641,12326,0.30913794674297385
12351,12327,0.07249443365116677
12362,12328,0.0514799498902764
12418,12329,0.07593895061975141
12462,12330,0.3657112509744133
12429,12331,0.34709385488735045
12346,12332,0.2874660364615331
12396,12333,0.36380402406369405
12391,12334,0.3279883923297423
12407,12335,0.36380402406369405
12357,12336,0.2212159026398935
12440,12337,0.5444935641006149
12479,12338,0.39593579313659316
15174,12339,0.06854945564436915
14117,12340,0.988681869132374
15649,12341,0.976771237517186
15655,12341,0.9959352875382351
15939,12342,0.962944306360156
18566,12343,0.9366235381575817
16974,12344,0.4112282017183211
12435,12345,0.38068780716696854
12457,12346,0.03963512206574827
12451,12347,0.0339783463225772
12413,12348,0.03753176832118367
12446,12349,0.054718376178612145
12373,12350,0.007038855161626666
12424,12351,0.026893092891040013
5822,12352,0.738732225683341
13991,12353,0.9902028476904124
10107,12354,0.45966436263865723
10113,12354,0.4232524610125859
10118,12354,0.24769076652324476
10124,12354,0.3339783409596497
10129,12354,0.21535378088006066
10135,12354,0.23625881068002416
20757,12355,0.8538252574471584
20760,12355,0.8538252574471584
20763,12355,0.8538252574471584
20767,12355,0.9342254290237609
13795,12356,0.25045627148014743
18605,12357,0.10777746931251563
10425,12358,0.5676903424607445
15198,12359,0.3258145698599266
14085,12360,0.6134937613075289
14091,12360,0.6134937613075289
5817,12361,0.5528440026937269
11318,12362,0.5384230173101293
27867,12363,0.28772539212961384
16339,12364,0.9005133780601877
16345,12364,0.8819798647547462
15218,12365,0.12246438074735125
15224,12366,0.07463177540807733
7286,12367,0.20485120510468086
11263,12368,0.07564148684827912
